{"loss": 0.22771356999874115, "acc": 0.9159374833106995}